-- MySQL dump 10.13  Distrib 8.0.27, for macos11 (x86_64)
--
-- Host: localhost    Database: spy_agency
-- ------------------------------------------------------
-- Server version	8.0.33

/*!40101 SET @OLD_CHARACTER_SET_CLIENT=@@CHARACTER_SET_CLIENT */;
/*!40101 SET @OLD_CHARACTER_SET_RESULTS=@@CHARACTER_SET_RESULTS */;
/*!40101 SET @OLD_COLLATION_CONNECTION=@@COLLATION_CONNECTION */;
/*!50503 SET NAMES utf8mb4 */;
/*!40103 SET @OLD_TIME_ZONE=@@TIME_ZONE */;
/*!40103 SET TIME_ZONE='+00:00' */;
/*!40014 SET @OLD_UNIQUE_CHECKS=@@UNIQUE_CHECKS, UNIQUE_CHECKS=0 */;
/*!40014 SET @OLD_FOREIGN_KEY_CHECKS=@@FOREIGN_KEY_CHECKS, FOREIGN_KEY_CHECKS=0 */;
/*!40101 SET @OLD_SQL_MODE=@@SQL_MODE, SQL_MODE='NO_AUTO_VALUE_ON_ZERO' */;
/*!40111 SET @OLD_SQL_NOTES=@@SQL_NOTES, SQL_NOTES=0 */;

--
-- Table structure for table `hits`
--

DROP TABLE IF EXISTS `hits`;
/*!40101 SET @saved_cs_client     = @@character_set_client */;
/*!50503 SET character_set_client = utf8mb4 */;
CREATE TABLE `hits` (
  `id` int NOT NULL AUTO_INCREMENT,
  `id_assignee` int NOT NULL,
  `description` varchar(256) DEFAULT NULL,
  `target_name` varchar(128) DEFAULT NULL,
  `id_status` int NOT NULL,
  `id_creator` int NOT NULL,
  `created_at` datetime DEFAULT NULL,
  `updated_at` datetime DEFAULT NULL,
  PRIMARY KEY (`id`),
  KEY `fk_assignee` (`id_assignee`),
  KEY `fk_creator` (`id_creator`),
  KEY `fk_status` (`id_status`),
  CONSTRAINT `fk_assignee` FOREIGN KEY (`id_assignee`) REFERENCES `users` (`id`),
  CONSTRAINT `fk_creator` FOREIGN KEY (`id_creator`) REFERENCES `users` (`id`),
  CONSTRAINT `fk_status` FOREIGN KEY (`id_status`) REFERENCES `status_hits` (`id`)
) ENGINE=InnoDB AUTO_INCREMENT=4 DEFAULT CHARSET=utf8mb4 COLLATE=utf8mb4_0900_ai_ci;
/*!40101 SET character_set_client = @saved_cs_client */;

--
-- Dumping data for table `hits`
--

LOCK TABLES `hits` WRITE;
/*!40000 ALTER TABLE `hits` DISABLE KEYS */;
INSERT INTO `hits` VALUES (1,5,'with air control','ozai',3,2,'2023-06-27 01:58:27','2023-06-28 00:31:04'),(2,5,'with water control','azula',2,2,'2023-06-27 02:11:54','2023-06-28 23:28:49'),(3,5,'kill in Republic City','sozin',1,1,'2023-06-28 02:57:28','2023-06-28 02:57:28');
/*!40000 ALTER TABLE `hits` ENABLE KEYS */;
UNLOCK TABLES;

--
-- Table structure for table `status_hits`
--

DROP TABLE IF EXISTS `status_hits`;
/*!40101 SET @saved_cs_client     = @@character_set_client */;
/*!50503 SET character_set_client = utf8mb4 */;
CREATE TABLE `status_hits` (
  `id` int NOT NULL AUTO_INCREMENT,
  `name` varchar(64) DEFAULT NULL,
  PRIMARY KEY (`id`)
) ENGINE=InnoDB AUTO_INCREMENT=5 DEFAULT CHARSET=utf8mb4 COLLATE=utf8mb4_0900_ai_ci;
/*!40101 SET character_set_client = @saved_cs_client */;

--
-- Dumping data for table `status_hits`
--

LOCK TABLES `status_hits` WRITE;
/*!40000 ALTER TABLE `status_hits` DISABLE KEYS */;
INSERT INTO `status_hits` VALUES (1,'assigned'),(2,'failed'),(3,'completed');
/*!40000 ALTER TABLE `status_hits` ENABLE KEYS */;
UNLOCK TABLES;

--
-- Table structure for table `types_users`
--

DROP TABLE IF EXISTS `types_users`;
/*!40101 SET @saved_cs_client     = @@character_set_client */;
/*!50503 SET character_set_client = utf8mb4 */;
CREATE TABLE `types_users` (
  `id` int NOT NULL AUTO_INCREMENT,
  `name` varchar(64) DEFAULT NULL,
  PRIMARY KEY (`id`)
) ENGINE=InnoDB AUTO_INCREMENT=4 DEFAULT CHARSET=utf8mb4 COLLATE=utf8mb4_0900_ai_ci;
/*!40101 SET character_set_client = @saved_cs_client */;

--
-- Dumping data for table `types_users`
--

LOCK TABLES `types_users` WRITE;
/*!40000 ALTER TABLE `types_users` DISABLE KEYS */;
INSERT INTO `types_users` VALUES (1,'boss'),(2,'manager'),(3,'hitman');
/*!40000 ALTER TABLE `types_users` ENABLE KEYS */;
UNLOCK TABLES;

--
-- Table structure for table `users`
--

DROP TABLE IF EXISTS `users`;
/*!40101 SET @saved_cs_client     = @@character_set_client */;
/*!50503 SET character_set_client = utf8mb4 */;
CREATE TABLE `users` (
  `id` int NOT NULL AUTO_INCREMENT,
  `id_type` int NOT NULL,
  `email` varchar(256) NOT NULL,
  `password` varchar(256) NOT NULL,
  `name` varchar(128) DEFAULT NULL,
  `description` varchar(512) DEFAULT NULL,
  `id_manager` int DEFAULT NULL,
  `active` tinyint NOT NULL DEFAULT '1',
  `created_at` datetime DEFAULT NULL,
  `updated_at` datetime DEFAULT NULL,
  PRIMARY KEY (`id`),
  UNIQUE KEY `uk_email` (`email`),
  KEY `fk_type_user` (`id_type`),
  CONSTRAINT `fk_type_user` FOREIGN KEY (`id_type`) REFERENCES `types_users` (`id`)
) ENGINE=InnoDB AUTO_INCREMENT=19 DEFAULT CHARSET=utf8mb4 COLLATE=utf8mb4_0900_ai_ci;
/*!40101 SET character_set_client = @saved_cs_client */;

--
-- Dumping data for table `users`
--

LOCK TABLES `users` WRITE;
/*!40000 ALTER TABLE `users` DISABLE KEYS */;
INSERT INTO `users` VALUES (1,1,'boss@spy.com','81dc9bdb52d04dc20036dbd8313ed055','giuseppi','',0,1,'2023-06-26 19:46:32','2023-06-26 19:46:32'),(2,2,'genos@spy.com','81dc9bdb52d04dc20036dbd8313ed055','genos','',1,1,'2023-06-26 20:11:16','2023-06-26 20:11:16'),(3,2,'king@spy.com','81dc9bdb52d04dc20036dbd8313ed055','king','',1,1,'2023-06-26 20:11:16','2023-06-26 20:11:16'),(4,2,'dog@spy.com','81dc9bdb52d04dc20036dbd8313ed055','watchdog man','',1,1,'2023-06-26 20:11:16','2023-06-26 20:11:16'),(5,3,'aang@spy.com','81dc9bdb52d04dc20036dbd8313ed055','aang','Aang was an Air Nomad born in 12 BG and the Avatar during the Hundred Year War, succeeding Avatar Roku and preceding Avatar Korra.',2,1,'2023-06-26 20:23:04','2023-06-28 22:20:36'),(6,3,'zuko@spy.com','81dc9bdb52d04dc20036dbd8313ed055','zuko','',2,1,'2023-06-26 20:23:04','2023-06-26 20:23:04'),(7,3,'katara@spy.com','81dc9bdb52d04dc20036dbd8313ed055','katara','',2,1,'2023-06-26 20:23:04','2023-06-26 20:23:04'),(8,3,'walter@spy.com','81dc9bdb52d04dc20036dbd8313ed055','walter','',3,1,'2023-06-26 20:23:04','2023-06-26 20:23:04'),(9,3,'jesse@spy.com','81dc9bdb52d04dc20036dbd8313ed055','jesse','',3,1,'2023-06-26 20:23:04','2023-06-26 20:23:04'),(10,3,'tuco@spy.com','81dc9bdb52d04dc20036dbd8313ed055','tuco','',3,1,'2023-06-26 20:23:04','2023-06-26 20:23:04'),(11,3,'harry@spy.com','81dc9bdb52d04dc20036dbd8313ed055','harry','',4,1,'2023-06-26 20:23:05','2023-06-26 20:23:05'),(12,3,'ron@spy.com','81dc9bdb52d04dc20036dbd8313ed055','ron','',4,1,'2023-06-26 20:23:05','2023-06-26 20:23:05'),(13,3,'hermione@spy.com','81dc9bdb52d04dc20036dbd8313ed055','hermione','',4,1,'2023-06-26 20:23:05','2023-06-26 20:23:05'),(14,3,'pablo@spy.com','81dc9bdb52d04dc20036dbd8313ed055','','',0,1,'2023-06-29 01:55:00','2023-06-29 01:55:00'),(18,3,'chavo@spy.com','81dc9bdb52d04dc20036dbd8313ed055','','',0,1,'2023-06-29 01:58:45','2023-06-29 01:58:45');
/*!40000 ALTER TABLE `users` ENABLE KEYS */;
UNLOCK TABLES;

--
-- Temporary view structure for view `vw_hits`
--

DROP TABLE IF EXISTS `vw_hits`;
/*!50001 DROP VIEW IF EXISTS `vw_hits`*/;
SET @saved_cs_client     = @@character_set_client;
/*!50503 SET character_set_client = utf8mb4 */;
/*!50001 CREATE VIEW `vw_hits` AS SELECT 
 1 AS `id`,
 1 AS `id_assignee`,
 1 AS `assignee`,
 1 AS `id_manager`,
 1 AS `description`,
 1 AS `target_name`,
 1 AS `id_status`,
 1 AS `status`,
 1 AS `id_creator`,
 1 AS `creator`,
 1 AS `created_at`,
 1 AS `updated_at`*/;
SET character_set_client = @saved_cs_client;

--
-- Temporary view structure for view `vw_users`
--

DROP TABLE IF EXISTS `vw_users`;
/*!50001 DROP VIEW IF EXISTS `vw_users`*/;
SET @saved_cs_client     = @@character_set_client;
/*!50503 SET character_set_client = utf8mb4 */;
/*!50001 CREATE VIEW `vw_users` AS SELECT 
 1 AS `id`,
 1 AS `id_type`,
 1 AS `type`,
 1 AS `email`,
 1 AS `password`,
 1 AS `name`,
 1 AS `description`,
 1 AS `id_manager`,
 1 AS `manager`,
 1 AS `active`,
 1 AS `created_at`,
 1 AS `updated_at`*/;
SET character_set_client = @saved_cs_client;

--
-- Dumping routines for database 'spy_agency'
--

--
-- Final view structure for view `vw_hits`
--

/*!50001 DROP VIEW IF EXISTS `vw_hits`*/;
/*!50001 SET @saved_cs_client          = @@character_set_client */;
/*!50001 SET @saved_cs_results         = @@character_set_results */;
/*!50001 SET @saved_col_connection     = @@collation_connection */;
/*!50001 SET character_set_client      = utf8mb4 */;
/*!50001 SET character_set_results     = utf8mb4 */;
/*!50001 SET collation_connection      = utf8mb4_0900_ai_ci */;
/*!50001 CREATE ALGORITHM=UNDEFINED */
/*!50013 DEFINER=`root`@`localhost` SQL SECURITY DEFINER */
/*!50001 VIEW `vw_hits` AS select `h`.`id` AS `id`,`h`.`id_assignee` AS `id_assignee`,`ua`.`name` AS `assignee`,`ua`.`id_manager` AS `id_manager`,`h`.`description` AS `description`,`h`.`target_name` AS `target_name`,`h`.`id_status` AS `id_status`,`sh`.`name` AS `status`,`h`.`id_creator` AS `id_creator`,`uc`.`name` AS `creator`,`h`.`created_at` AS `created_at`,`h`.`updated_at` AS `updated_at` from (((`hits` `h` left join `users` `ua` on((`h`.`id_assignee` = `ua`.`id`))) left join `users` `uc` on((`h`.`id_creator` = `uc`.`id`))) left join `status_hits` `sh` on((`h`.`id_status` = `sh`.`id`))) */;
/*!50001 SET character_set_client      = @saved_cs_client */;
/*!50001 SET character_set_results     = @saved_cs_results */;
/*!50001 SET collation_connection      = @saved_col_connection */;

--
-- Final view structure for view `vw_users`
--

/*!50001 DROP VIEW IF EXISTS `vw_users`*/;
/*!50001 SET @saved_cs_client          = @@character_set_client */;
/*!50001 SET @saved_cs_results         = @@character_set_results */;
/*!50001 SET @saved_col_connection     = @@collation_connection */;
/*!50001 SET character_set_client      = utf8mb4 */;
/*!50001 SET character_set_results     = utf8mb4 */;
/*!50001 SET collation_connection      = utf8mb4_0900_ai_ci */;
/*!50001 CREATE ALGORITHM=UNDEFINED */
/*!50013 DEFINER=`root`@`localhost` SQL SECURITY DEFINER */
/*!50001 VIEW `vw_users` AS select `u`.`id` AS `id`,`u`.`id_type` AS `id_type`,`t`.`name` AS `type`,`u`.`email` AS `email`,`u`.`password` AS `password`,`u`.`name` AS `name`,`u`.`description` AS `description`,`u`.`id_manager` AS `id_manager`,ifnull(`um`.`name`,'no manager') AS `manager`,`u`.`active` AS `active`,`u`.`created_at` AS `created_at`,`u`.`updated_at` AS `updated_at` from ((`users` `u` left join `types_users` `t` on((`u`.`id_type` = `t`.`id`))) left join `users` `um` on((`u`.`id_manager` = `um`.`id`))) */;
/*!50001 SET character_set_client      = @saved_cs_client */;
/*!50001 SET character_set_results     = @saved_cs_results */;
/*!50001 SET collation_connection      = @saved_col_connection */;
/*!40103 SET TIME_ZONE=@OLD_TIME_ZONE */;

/*!40101 SET SQL_MODE=@OLD_SQL_MODE */;
/*!40014 SET FOREIGN_KEY_CHECKS=@OLD_FOREIGN_KEY_CHECKS */;
/*!40014 SET UNIQUE_CHECKS=@OLD_UNIQUE_CHECKS */;
/*!40101 SET CHARACTER_SET_CLIENT=@OLD_CHARACTER_SET_CLIENT */;
/*!40101 SET CHARACTER_SET_RESULTS=@OLD_CHARACTER_SET_RESULTS */;
/*!40101 SET COLLATION_CONNECTION=@OLD_COLLATION_CONNECTION */;
/*!40111 SET SQL_NOTES=@OLD_SQL_NOTES */;

-- Dump completed on 2023-06-29  2:16:32
